-1.787314504004526017e-01,1.933651101300253583e-01
1.041066484014225857e+00,8.166360165215849065e-01
5.498427466861103952e+00,8.846147022529381232e+00
-3.766102669347858978e+00,-8.825513774839430781e+00
1.161227936242413605e+01,9.009763734146820635e-01
-5.549620744543291906e+00,-4.685768129293323092e+00
-1.916839873980624498e+00,-3.268201907013568858e-02
2.147824372552054051e-01,4.869213766733342386e-01
3.698856424058464265e-01,6.264434830248827302e-01
7.641368685729057475e+00,1.336169080650372898e+01
-2.647445160656336061e+00,-4.308182454183366872e+00
7.896518914550783030e+00,1.058152968685650031e+01
-4.182992216444708866e+00,-1.066424628636911187e+01
1.821385505360820289e+01,-3.517803251857530178e+00
1.433819061264972561e+01,-1.296936839383816542e-01
1.426669919548510990e+01,1.038598247130935626e+00
2.681899893108067090e+00,3.542749049740772538e+00
4.384603803741493611e-01,-1.454808856691825358e+00
-9.640040494859185571e-01,-3.356447694375585655e+00
1.847881133121665087e+01,3.400080663057347685e+00
6.376669883215756229e+00,-4.608507235094193355e+00
-3.979211215054651696e+00,-1.980542893655241166e+00
8.318997142416259649e+00,1.158233302145745647e+01
1.829849235367529969e+00,2.364171567503940086e+00
-1.596763427211254793e+01,3.010417720598215219e+00
-5.514946011844235940e+00,-8.132225302702639880e+00
8.639675444410864102e+00,-1.117393434397829122e+00
-3.769001394845559183e-01,-2.177270986582878542e+00
-5.127265694176244004e+00,-9.600366833673334099e+00
1.009490486511046292e+01,4.734134669725176270e-01
1.349119217016417593e+01,3.550778100867471032e-01
1.459617251778965041e+01,4.437099611907634689e+00
-5.285746636650609176e+00,-7.679538660057916744e+00
9.540899979427376110e+00,1.479620681020659489e+01
1.469006858314408781e+01,2.271295860299276992e+00
2.299881203695546716e+00,-2.769235175975933050e+00
2.271847090686206716e+00,-1.657422400570136567e+00
1.651224595522020877e+01,8.785830432788781508e-01
4.211053651089113892e+00,-3.419356516613443642e+00
1.780469460323564945e+01,-3.641787804651626992e+00
-6.216962710194718689e+00,-9.059895915888073858e+00
4.858328435762564013e+00,2.753624836121687736e+00
1.679217551666651076e+01,-6.679961331521346857e+00
4.799878548854689342e+00,-3.324703796110266563e+00
-4.735996395389055813e+00,-1.003460233978762695e+01
1.389244021243998617e+01,4.436563699934419347e+00
4.088266331488972227e+00,4.864639917944389325e+00
9.892329796168594314e+00,1.166745613021358352e+01
-3.108923644698089461e+00,-5.815137649391106223e+00
2.329627454399341158e-01,2.286307175875017084e+00
1.559587495843133098e+01,-6.287969338735857061e-01
1.604558313348037046e+01,6.136731715415815192e-01
-6.116278259240330861e+00,-7.464575811219118506e+00
8.920771510257637260e+00,1.214025934328066114e+01
9.942599006428805453e+00,1.550810909536460969e+01
1.201056702483197292e+00,3.813545864466618696e-01
6.120110124287794662e+00,-3.007647624164703437e+00
1.465804869103699204e+01,-2.115906281822649060e+00
-1.479316756529418875e+01,2.850383900716962682e+00
1.490340955922266453e+01,-6.984205465082542474e+00
-7.182231820062083827e+00,-8.465352751421866273e+00
-4.274182179285725525e+00,-7.376640741194735007e+00
5.003729417669182666e-01,-5.662044881105902761e+00
3.490868831137507122e+00,-2.324872189261375510e+00
-1.713848986762878468e+01,5.464591376786986032e+00
8.633580801370245084e+00,1.192376310316706167e+01
1.544457469981360909e+01,5.905830866807584290e-01
-1.345748966302948801e+01,3.904058226060194592e+00
8.345527803744602124e+00,-4.273200399508892744e+00
5.711273742178843094e+00,1.031788481604492702e+01
1.189116823114147614e+01,1.129655827871284401e+01
7.684635207134978607e+00,1.148668657613927913e+01
-3.665339753452970584e+00,-1.101819274245110591e+01
1.715408872505535864e+00,6.763730986834946002e-01
5.147079828907958010e+00,-2.332129387999445136e+00
1.310719415468333537e-01,1.673703519507148796e+00
-5.107285718357607252e+00,-6.013049803037956664e+00
-4.323179772799902842e+00,-1.042365307625354554e+01
-1.379959037374851860e+01,4.316548350244975296e+00
7.129375366122857827e+00,1.505130885929024664e+01
-5.788243080184977352e+00,-8.042779353649210705e+00
1.363208288842083071e+01,-1.784221270839200679e+00
-5.142045681479417318e+00,-7.117516004697190368e+00
4.168818845520519289e+00,-4.137453100702588316e+00
1.397798945980447627e+01,1.787813263166635469e+00
1.276274330744337959e+01,-1.246931181888771389e+00
3.926201198722488961e+00,7.993325060986851138e-01
-4.961183241838965863e+00,-9.703773713396385503e+00
8.439150156156053129e+00,-4.310095156354231349e+00
6.356279308087926100e-04,2.555466317228956896e+00
1.449043724907023645e+01,-1.040577145995398078e+00
1.100248118476400361e+00,-5.215516273549967607e+00
4.731707255543762258e+00,-6.202243197408106035e-01
-1.407153377685374096e+01,4.185139739794853320e+00
-1.490366270818238270e+01,4.190128697285925519e+00
1.386707289599753778e+01,9.559616963633718711e+00
1.002190954328768058e+01,-3.831726434092625588e+00
7.981467985844479252e+00,1.229621215202284468e+01
1.563126650147109942e+01,-6.604560941562007237e+00
-1.347557523634794308e+01,5.587466220848341436e+00
1.462981832370952873e+01,2.282717200588500805e+00
6.326274208474094607e+00,1.072743394548165163e+01
1.678613357598986866e+01,1.112104396379808513e+00
-2.977363600076247341e+00,-1.063198697378769708e+01
1.569516027585794404e+01,2.873370666120810935e+00
5.788364018069115602e+00,1.066429626854562329e+01
9.108255177716827689e+00,-3.808083366254639834e+00
-1.746561185485165923e+00,-5.780491354710352025e-01
9.152005627304886204e+00,3.245363720453460665e+00
5.493030743149278194e+00,3.909658535203479168e+00
1.969322620138185931e+00,-1.270510797302854211e+00
-1.496296254656213520e+01,3.727159101493441984e+00
8.253118669295686161e+00,1.096508243179455278e+01
1.347669553849573099e+00,1.563283460191944529e+00
1.081013186823577943e+00,-5.063951710767155667e+00
4.534518482631888503e+00,-4.026038756168121679e+00
1.797072179715205209e+01,-7.486154358566270872e+00
7.185647284024241799e+00,-4.258503679985087942e+00
1.364267617001968347e+01,5.252229689752514474e+00
1.674840230696922916e+01,-3.716298886047140648e+00
8.241985017424525495e+00,1.305961479080600185e+01
2.330552666856073429e+00,2.948839689905620176e+00
6.236193713318058940e+00,1.388516605342754318e+01
2.084268879681191233e+00,-1.170733532222572038e-01
-1.511382761721452184e+01,4.774384634262420768e+00
-2.961396512258033908e+00,-3.137054492233659619e+00
8.592747963753387452e+00,9.048062198050972782e+00
9.201088033396848331e+00,1.284693430694423988e+01
1.824195233301315611e+01,3.211557494929515144e+00
1.241388224526656003e+01,5.233146106707573963e+00
9.289315388605075441e+00,9.274441547419348453e+00
-4.418615924087014868e+00,-9.583878157155012900e+00
1.743131600020376837e+01,5.640397619924862660e+00
-2.221251360476248493e-01,2.434713400812114070e+00
-4.662510188581162396e+00,-1.013878118175044207e+01
7.948667910139904258e+00,1.364853535040982280e+01
-1.587883204688975169e+01,4.642365838384107768e+00
-1.717842827745742085e+01,5.933407594262903650e+00
-1.503186712081135568e+01,3.125271358447731629e+00
-7.734265817009411847e+00,-9.665860636779934012e+00
7.934917533814725310e+00,-5.168960606710625072e+00
6.840957857628385597e+00,8.189914323745956182e+00
7.680012852439954685e+00,-2.755993732369417248e+00
6.762136267354390995e+00,1.514386674042760639e+01
-1.565589766599448573e+01,3.140102863073887196e+00
-2.467030605162073176e+00,-1.048742033675562624e+01
-1.351107198349620830e+01,4.798521879247722666e+00
-1.594877826775144669e+01,4.689103920210969001e+00
1.336389399310547255e+01,-5.207469662259069931e-01
1.246580641338976836e+00,-4.665698029308390282e+00
1.557577894502939131e+01,4.560471761941933266e-01
2.588286283595557791e+00,-1.662304023485889237e+00
2.696422910682680918e+00,-2.453837982262676576e-01
2.023536803530854300e+00,1.298178092740367884e+00
1.358343458141602733e+00,2.090745810505115987e+00
8.597587239693947225e+00,-2.928920604837330632e+00
9.822004427071457933e-01,-8.156125145917592079e-02
4.194290106433751220e+00,9.806189572857535452e-01
7.909954164132130927e+00,-3.866429974160584315e+00
-5.335226768427991928e+00,-8.649327914937854800e+00
6.603244835572986027e+00,1.097724527427428853e+01
1.516742825639621373e+01,8.188894866140403739e-01
6.485282254196352625e+00,7.917176839824768386e+00
-1.473374051828715103e+01,3.738474492700845531e+00
-6.352431065684540634e+00,-1.118072624364274859e+01
1.741940890489589577e+01,-2.436787487105444239e+00
2.014068951403488228e+01,3.154963835729832411e+00
4.160850708598741399e+00,1.356336883496149426e+01
1.543608874629525296e+01,-6.114556939756555565e+00
-5.514946794066250213e+00,-8.436104674515069846e+00
-1.500519874284936073e+01,3.697752868835469719e+00
-1.465706700688238406e+01,6.614872016370374475e+00
1.746782298047925508e+01,-3.195682150382734843e-01
9.088984795820522322e+00,1.330892875898134520e+01
-1.429071987383059117e+01,6.213114728255754393e+00
1.533896304126211163e+01,1.241049045721806188e+00
1.452308597591058614e+01,-5.669431187013663553e+00
2.012626661351373247e-01,-4.893951505850366868e-01
-1.397672740443760375e+01,5.180771320763384757e+00
1.699613338783876415e+01,2.477829360908179623e+00
1.297991632535589446e+01,-1.642208635705776798e+00
1.270397421141100658e+01,-6.195064212866776998e+00
7.588048246446859935e+00,1.146471833435561649e+01
4.921270496120869531e+00,-2.765163255737789427e+00
1.068294080539140722e+01,7.850053661359634560e+00
5.391489254157146860e+00,7.410430932626351996e+00
-1.782309890985413858e+01,3.211078337977033570e+00
-1.242485147441632165e+01,6.190613609203664325e+00
-1.867022291964537217e+01,3.820532532517753488e+00
1.556685589558606964e+01,-1.043128142281977588e+00
-3.482697281620907415e+00,-9.228779199879213024e+00
-6.729026732609116657e+00,-1.047996227192962237e+01
1.103993142801373217e+01,5.253139616791488997e+00
7.672168965010348174e+00,-2.811800258829325827e+00
7.652540785973027226e+00,1.177921114670170155e+01
2.585999512632613850e+00,1.683272701501830060e-01
1.249473472232883431e+01,1.354083758686510652e+00
9.768825902518797122e+00,-1.552981446167687851e+00
-1.449612751527122434e+01,3.772212179810773058e+00
4.201088963042019842e+00,-2.863461081833531541e+00
6.839810452725695100e+00,-3.318657762291907787e+00
5.583913435873651743e+00,-1.591357429053273487e+00
-5.561191380931671979e+00,-7.533313763317068812e+00
-1.588726065282022226e+01,6.775412331452763226e+00
-1.917189457124195329e+01,6.196183781981167371e+00
-5.700178956851368106e+00,-9.471077304967442601e+00
1.716277618311937303e+01,-1.510435780292581409e+00
2.268361663616397461e+00,-2.468860511853167239e+00
1.645598379311719039e+00,-3.867747325169534012e+00
-5.213845864857666879e-01,2.999311214195778508e+00
1.498275329952380552e+01,-4.199036766503164486e+00
1.710090259514870326e+01,4.139470243101380120e+00
2.023306570038608587e+00,-3.430733053150203382e-01
1.094676914134776347e+01,1.668348467981743966e+01
9.101550910439151210e+00,1.311325860021898571e+01
1.439207023785438722e+01,1.142456320375160317e-01
1.512354154724394562e+01,-3.838704221405281336e-01
-3.886654274744146154e+00,-7.939865492127462510e+00
2.640019965846525984e+00,1.878452888476884297e+00
1.495058058108072174e+01,-6.000761650161576810e+00
1.139985141629217580e+01,3.645017203862750854e+00
1.517530670572593721e+01,-4.314159294993862304e+00
-1.353088490699418855e+01,3.964415714313561878e+00
1.133686929648146702e+01,-3.378260098009743473e+00
-2.871841128451824154e+00,-5.897805552815420072e+00
3.564315997677549586e-01,4.424582004342745734e+00
1.755098627077311679e+00,-1.354428518728876263e-01
-1.756581662758572193e+01,5.654242131237205093e+00
8.872669300187567387e+00,1.349525153053257220e+01
4.720899561212732465e+00,-6.864286639523267120e-01
1.322362338299232754e+01,5.836559142379392107e+00
1.411103895405110009e+01,9.972025878457468906e-04
-1.532191254832761906e+01,7.385791645377002723e+00
1.369761217697260669e+01,8.560321279567313368e-01
1.093853358423963140e+00,-1.318261191147671596e-01
-1.688753050766675656e+01,2.012071637002304847e+00
-1.395649361356037588e+01,3.739171820332574558e+00
-4.610485500107317947e+00,-9.141933417886004776e+00
1.616846912679109494e+01,-4.536256084047746384e+00
1.418803393276425240e+00,-1.857403771259846792e-01
1.512536975399851435e+01,-1.071813818775969551e+01
1.182089313762022265e+01,1.140795651592042681e+01
1.880851313206894027e+00,-1.865808087701024354e+00
8.671378059629312185e-01,1.391017003116440387e+00
1.131153390448033491e+01,-3.365174960862175713e+00
4.857723693903552409e+00,-2.212263179774370592e+00
-1.690680680507614397e+01,2.039610813194947969e+00
6.806399700558762866e+00,1.207715941749823152e+01
1.613564225340877556e+01,5.367141508413638462e+00
4.901801838827832825e+00,1.013268029731168474e+00
-1.637951794039893727e+01,6.569437674686687600e+00
6.376700785662231752e+00,1.285543666653680717e+01
-1.337581187981252739e+01,4.219643985377146578e+00
4.727604621989367928e+00,-2.316832409024733419e+00
1.452138501746455290e+01,1.944100635246675424e+00
9.463541516943156040e+00,1.285842248715728786e+01
-1.381505742578502094e+01,5.652828843589552399e+00
5.763557596055779442e+00,-4.023808461467328179e+00
-1.457734790365214295e+01,5.897874508741864474e+00
-1.644023215249591274e+00,-3.444258944525965038e+00
-4.056070434686791515e+00,-7.664100448805191590e+00
5.754777185115117710e+00,1.078611277346069919e+01
3.223322170394157915e+00,1.294681324648434773e+00
7.107278283927569440e-01,1.102728563687637831e+00
-6.865045374722610561e+00,-8.934604659405815497e+00
1.369908854551550625e+01,-1.245591427493511372e+00
4.895245328350246616e+00,5.107433349395421374e+00
2.002906218990325282e+00,-3.552778870033016734e+00
1.456200954231190003e+01,1.246635250257668304e-01
8.085653302175035861e+00,1.361025122852568359e+01
-1.657991554641063559e+01,5.587101719942302758e+00
1.041171673786430141e+01,1.504846269400281678e+01
4.979312673681477008e+00,-3.441790307265145454e+00
-8.842959709144864178e-01,-1.102015944072314291e+00
4.982962494557177990e+00,1.120534792157030957e+01
1.005273493779111149e+01,1.468156845931158472e+01
3.665898915440746642e+00,-3.236429241294881631e+00
2.811903012682886782e+00,3.047737671185673847e+00
3.979372467091519816e+00,-2.105454458334384604e+00
3.017532689563003245e+00,5.993379542357292422e+00
8.204528401462022558e+00,1.154140300696308863e+01
5.806809241289037971e+00,1.157480960209561971e+01
-9.896865338898503950e-01,-3.841636974387010905e+00
1.348929377949113473e+01,-2.907484394409569628e+00
1.773147545997113639e+01,-8.172643073139923331e+00
-4.640020092679876029e+00,-9.109175150641458885e+00
1.544726888221494931e+01,5.020951550286333109e+00
1.473667185732016272e+01,-4.504990936292985637e+00
1.115319849549428532e+00,3.732466802420155716e+00
-1.680454019457532411e+01,2.363056885598326495e+00
5.705930600553810184e-01,4.464361967918879515e+00
-1.737952181294502196e+01,6.121764731803588155e+00
1.521214955120052181e+01,-4.770423794011451335e+00
1.674600687484040673e+00,-5.692756604224698869e+00
1.506453387336175886e+01,-5.770283155374605677e+00
1.160096345814556074e+01,3.004770795845139730e+00
-4.918125391896511545e+00,-1.152153299690793986e+01
2.770217726972785677e+00,-3.839069283770188523e+00
1.481518522693072804e+01,-6.485681283115531492e+00
1.183689616073745832e+01,1.709465620026374477e+00
-1.002028351613424073e+00,-1.529515988063936405e-01
1.787968629409414589e+00,-2.637499372222264160e+00
1.012802252209410447e+01,1.089239320109068032e+01
7.269881046444055528e+00,1.168136659505437436e+01
3.307141211554465166e+00,2.927998190930090949e+00
4.280481163886354246e+00,-3.404652691621369076e+00
5.604180167475767860e+00,-3.142600471408625751e+00
1.206673790117799427e+01,-1.791409151630068308e+00
1.413299664490977037e+01,4.438886431480937311e+00
9.127375237869249369e-02,5.893175667566967479e-02
1.138316246862138570e+01,1.091828476770002432e+01
-5.305405639050122524e+00,-5.455080240579887274e+00
-4.634897247514361496e+00,-8.584748829387679692e+00
1.658429077601315882e+01,-3.081028748677376861e+00
6.027625291021664111e+00,-2.452407117700214911e+00
1.524423250724616175e+01,-2.093316027545064628e+00
9.017676090052042071e+00,-1.237668614490949892e-01
5.934461383083815544e-01,3.031565461362218272e+00
2.269274081860197967e+00,-4.974930432161710492e-01
-1.461276531889983943e+01,6.766567114962063201e+00
7.159077295406291341e+00,-5.337105583646359896e+00
-5.147761548235677331e+00,-1.126762511359991059e+01
-5.030722401370702812e+00,-1.029440713219000791e+01
1.951380664152631894e+00,-1.367616709501532801e+00
1.145190470961606266e+01,-1.729533421958781902e+00
1.593582689129021190e+01,8.063573578401598496e+00
1.752066683339187847e+01,-7.723350834292100231e+00
2.147584674582726283e+00,1.032539569152886028e+00
1.572481169113977906e+01,-3.027257540420988935e-01
8.656743216100688532e-01,-1.263910339904443791e+00
4.330038522647391197e+00,1.105008105819160313e+01
1.810065001712464205e+00,-4.900817758716474515e+00
6.969035045103556314e+00,1.256312438807321641e+01
1.739228501309542763e+00,1.303704717269994207e-01
-1.526797684540446909e+01,4.509856176575627984e+00
4.600341276704842386e-01,-3.677130205685244402e+00
8.604891067871243138e+00,1.248028129204881687e+01
1.211740223988080523e+01,6.114351947319753400e+00
4.276531395079594122e-01,-1.698575105793833639e+00
4.867434774806463693e+00,1.319608253026912337e+01
1.502152736107130337e+01,-2.595195989246349200e+00
-4.159931472764111682e+00,-7.655995490723598529e+00
-5.732224171180669181e+00,-9.451636656130597558e+00
1.268676043297036315e+01,-1.451948083844752047e+00
-1.771681164217671167e+01,8.750648647991141615e+00
-1.726216651688572412e+01,5.855437552002494606e+00
6.027528859278509898e+00,-3.955199626419318548e+00
8.075504176510365895e+00,1.186179266594120207e+01
-6.588836498214450721e+00,-7.366263710633615958e+00
-1.404417422425754403e-01,-1.831290000391794237e+00
-5.322726025623865098e+00,-8.257428464897079934e+00
5.643736764530696171e+00,1.085098428043915852e+01
-1.468566292547081353e+01,6.674109245003325697e+00
1.271592255196424226e+01,-1.828307213382947438e+00
3.721939793430711241e+00,1.002212819809739752e+00
-1.706102411652322459e+01,5.525321939369836954e+00
7.619376506693915196e+00,-1.137341237828912721e+00
-5.126655810003177827e+00,-6.846910030910177802e+00
7.262694623106664693e+00,1.114497534279237811e+01
1.101606253134153057e+01,1.129082068668285110e+01
4.292931531616469343e+00,1.940785395785795897e+00
1.582376389565926722e+01,-3.292806832562471087e+00
-1.738242828833307030e+01,4.797338685485775578e+00
9.363755416871352821e+00,1.188784346497165068e+01
1.812089867165378454e+00,-3.885372545452597137e+00
5.527960864265053509e+00,-2.745557519131716973e+00
8.790649804941688572e+00,1.422542117455451205e+01
1.298817839852252831e+01,-4.347101058737760759e+00
-1.301341776498438563e+01,2.251999754977186186e+00
1.638289099645809443e+01,6.063961988259620739e+00
5.722422530595279611e+00,-4.794191796018721696e+00
1.720742122127298046e+01,-7.914212686285085674e+00
1.595314419800334527e+01,1.513380522719381727e+00
9.882438464198828321e-01,-2.803419778214572666e+00
1.457500807865380743e+01,7.617208283760554366e+00
1.277415768720923772e+01,-3.970435264104647199e+00
1.103232550112848287e+01,6.985961059151989616e+00
1.923709092645977492e+01,-2.739399922103685547e+00
7.033722341501070119e+00,1.223948565086554829e+01
1.534182883133467179e+01,-1.159167519935669022e+00
-3.515135509341011932e+00,-8.878557705802149869e+00
1.732669653939749921e+00,3.939471990878268493e+00
1.640657419320296384e+01,9.563640988995276704e-01
1.587446105427343035e+01,-4.551756149415814301e-01
1.582709984945476478e+01,-8.595051499935751238e+00
6.811412368417297358e+00,9.911919522060582466e+00
-5.591531758824092257e+00,-1.059546352053507512e+01
-1.340308233864296916e+01,3.078834308212830884e+00
8.618083530585876062e+00,1.129571913105898062e+01
3.165559568884947605e+00,-4.002703888633968532e+00
7.331868673513108448e+00,1.188235551259345613e+01
1.505811916057846567e+01,-2.233364924440009780e+00
6.308394855739996920e+00,-2.630642691860265447e+00
1.467024342318122976e+01,-2.272518140674969711e+00
1.659216051444248663e+01,5.018417143616434650e+00
-1.673859691909859379e-02,1.854357100135037850e+00
-4.628404085416941705e-01,9.476433577675840159e-01
-1.646271539032324682e+01,5.377416503221288835e+00
1.671436918860898180e+00,1.241999481641692826e+00
1.504623068212540637e+01,2.676253307861603314e+00
1.460507202746424582e+01,-2.542556962860348158e+00
-7.978670127119354305e+00,-1.248898334396298004e+01
-6.002963226890202897e+00,-1.231664001731182267e+01
-6.130061048053457640e+00,-8.676642556707447440e+00
8.841110071988347308e-01,2.423823647101942313e+00
-8.295536696234606211e+00,-9.131261873127765938e+00
-1.578011407888839379e+01,3.085335966311848477e+00
1.197898767183892588e+01,8.102703577029051196e-01
1.532859116698994839e+01,6.211540293119605316e+00
4.133393803221382612e+00,-3.634366841875794840e+00
1.668583527800488131e+00,-2.021127498647770970e+00
2.000609418112214932e+00,1.178887583438872788e+00
2.437126185271398349e+00,-2.470814723256572254e+00
5.998828135941849382e+00,4.787192969196087944e-01
8.067663809039359535e+00,-1.554099233363172461e+00
-1.537979154266759352e+01,5.762217746335903890e+00
-8.485354941255380368e+00,-2.225866317362104052e+00
1.169889121159425116e+01,-1.171265184124747227e+00
5.307165969247233939e+00,-3.156689535655126555e+00
-5.154263136081466357e+00,-8.109477192095619458e+00
1.447495465748864785e+00,9.584565430073181957e-01
1.244207046715452236e+00,8.255666404805048764e-01
-4.449072539900128298e+00,-1.026512568948920823e+01
7.422516461224432760e+00,1.152367426975360054e+01
1.468979116473932400e+01,1.139520304509911153e-01
4.361081809167576040e+00,-8.514194332391524789e-01
-1.744768372715417293e-01,2.583631600104902226e+00
2.879643793312950617e+00,4.818381441070270554e+00
3.040014237824636201e+00,7.615534681630283798e-01
-1.604643062695929245e+01,4.375414899820293968e+00
-1.118232233059887504e+00,-6.564420753071321668e-01
-5.472618228734948076e+00,-9.649286406105343161e+00
5.363573113218330413e+00,-5.390828889101235255e+00
9.875410022824825163e+00,8.820330604830200372e+00
-1.679846670622312033e+01,7.279586364012760491e+00
5.903175166967701948e+00,-1.955336661159593925e+00
-1.559024575563965342e+00,4.950706192663141270e-01
-1.600393298807250986e+01,4.617933189499026092e+00
-1.424749320869580771e+01,4.582975625854670554e+00
2.097370861350997817e+00,-1.546385089282605652e+00
2.677812399962502532e-01,-4.000255621081874935e+00
1.452504823395110112e+00,1.439022360732500783e+00
2.035900925457991395e+00,3.788235231369714739e+00
2.055852594018807977e+01,-1.195313911175607480e+00
1.180805618183147132e+01,4.474654333499612502e-01
1.210703631614260267e+01,-6.947413573478320004e+00
-4.657340911869090050e+00,-6.981876701919225603e+00
1.284840462595148836e+01,-5.497354316325043122e+00
-3.657053489776125765e+00,-1.035524418525887391e+01
2.974703945501943281e+00,-1.395947425351826254e+00
-4.344607673211815513e-01,-1.757200619352808635e-01
-1.536797136761183324e+01,2.396325008200805406e+00
1.457432493544084373e+01,-4.013461253194224199e+00
5.904212206582880818e+00,-7.399517298576103741e-01
-2.083151873291080869e-01,1.682462542370480318e-01
1.394593836086888672e+01,-2.486872143429475823e+00
1.054361298594981378e+01,1.182482828775016337e+01
1.244676447122741791e+01,1.231081702359395358e+01
-1.586018001984015946e+01,5.315731369404361750e+00
9.230720973853538069e+00,1.224808873265396869e+01
-5.611609164553980733e+00,-8.239258126628529411e+00
-1.662599015129637259e+00,-1.965230236845001199e+00
-1.384496034426456923e+01,6.438688966921857215e+00
-1.527101291036223785e+01,5.001579419067091692e+00
-4.801105908341398276e+00,-7.121650070793675624e+00
-1.856492831323139825e+01,3.713467337308602900e+00
1.346827665285792897e+00,4.496680980489687229e+00
9.826846995161234943e+00,-2.727235268684888858e+00
9.641672056418624237e-01,-3.688356961947868662e+00
-5.700281690316382210e-01,-3.616704070009220118e+00
7.611149712321869210e+00,1.361428922250096640e+01
3.524025601603036684e+00,2.162859645288179866e+00
-9.773099909258121665e-01,1.134911710740373447e+00
1.365431207095349642e+01,-3.856912210901016991e+00
3.596479783830422328e+00,-2.658481715002395607e+00
3.178508444291445745e-01,2.252307955237121018e+00
6.972634069186853800e-01,4.830531584598387163e+00
1.563755337271508505e+00,-1.650627611509431159e+00
-1.590477096922383637e+01,6.374277685018279627e+00
1.793224452752775377e+01,3.736537954859407762e+00
1.445409001432858531e+01,-1.391983882115910953e+00
-3.571279352649982197e+00,9.623637250229369888e-01
-1.329924648810205845e+01,6.788160444093918500e+00
-5.438352626337549012e+00,-1.097311018992193432e+01
1.477012766808204702e+01,-3.861545744794935064e+00
2.395077830377457140e+00,-3.575387765226020420e+00
7.684300185042034492e+00,1.293780802125207074e+01
-1.557892485314821407e+01,3.324167528760203716e+00
1.224933340249669911e+01,4.114481560178537833e-01
8.357537184172489475e+00,8.820841063172517593e+00
1.648716722122772893e+01,-5.871602737069726574e-01
1.425218746349185217e+01,1.459080087168169726e-01
1.684546035672601638e+00,4.005887150501808991e-01
-1.531926308587673446e+01,3.382499575589133389e+00
-7.847941688160155138e+00,-7.804253435140413586e+00
8.082025431031361506e+00,-4.554355707410370435e+00
1.811636363353542123e+01,-8.923486934700676443e+00
3.309880644981678888e+00,4.594898484196174415e+00
-4.177371884897840282e+00,-9.601454812342035794e+00
1.394603644136074116e+01,-7.162392702649717613e+00
3.717780688385337928e+00,3.079049921632061704e+00
-1.713830749719731017e+01,6.364818830125159366e+00
1.515060027809534482e+01,-2.271654066476146205e+00
2.192891485328322787e+00,2.121750799603428828e+00
-1.699871814748082244e+01,3.391439300546394975e+00
-6.226598733687491283e+00,-7.419711995798021320e+00
2.146844640744627775e+00,9.192848403432736237e-01
-6.329984109342927212e+00,-1.142006417189810641e+01
2.460134720341812464e+00,2.095358733411346375e+00
-1.472052539937901905e+01,3.962524711436115066e+00
7.443276429195542221e-01,3.079060108671722418e+00
1.747032109182725179e+01,-4.082805402702497366e-01
1.484591096356911955e+01,-3.430958636719001920e+00
5.659661928123069785e+00,-1.932881925403341361e+00
1.125913707492693483e+00,-1.793163510544182548e+00
9.011933516984305115e-02,-3.203434809269081196e+00
1.271339027460733107e+01,3.413694402834679842e+00
-2.331034335550548064e-01,-4.867264606320595099e+00
1.653482391574749144e+01,3.276302034991809720e+00
1.412363347005133996e+01,-1.453108718780997677e+00
1.732013230912639656e+01,-3.922637139824101560e+00
-3.372348378461309082e+00,-7.508235459144241286e-02
1.307261394152650746e+00,2.000909859645122246e+00
6.769120654796839887e+00,8.454585765059468017e+00
-2.307895071754572314e+00,-1.030707857206029754e+00
1.442686084070731489e+01,-2.048774689190370424e+00
-1.417222945750042307e+01,2.921358795995206314e+00
8.303598027081209310e+00,1.086832189881344668e+01
-1.291457946148740099e+01,7.017091034669522998e+00
1.657716950878207474e-01,5.749413809975310041e-01
1.352790548662915882e+01,-4.657586685969897111e+00
-1.960274051803590112e+01,3.914139162752672263e+00
-1.704752499379270958e+01,5.233343269555130739e+00
-3.265900698070700159e+00,-1.043422331944961101e+01
-7.333618147613096383e+00,-7.803935975430951189e+00
2.828323625163579269e+00,-5.566233824147001741e+00
1.523298011768113724e+01,-1.574970864981764862e+00
1.626522135615806874e+01,-4.163522892469812220e+00
1.502535711657325024e+01,-2.259200142493714036e+00
1.515827205060247351e+01,-3.710692040045100892e+00
3.127542814085281897e+00,3.352573994554570280e+00
1.544969756916115955e+01,3.282327988844436106e+00
1.888721623235709579e-01,-4.240294112573840479e+00
-1.497428151705991617e+01,7.053424604655798902e+00
-6.108167933232778068e+00,-5.653475101828139060e+00
-1.257491302148085133e+00,-4.339718507107289014e+00
-1.456497244224899923e+01,4.991357613746993493e+00
-1.153889255078809351e+00,-3.076934309834380432e+00
1.175318826767420077e+01,-2.803794936592011178e-01
4.706640375011083677e+00,1.227387208195987789e+01
1.740321400991044953e+01,-3.650829518379177241e+00
-1.345572084335877783e+01,4.812965300627435994e+00
-1.879053905414555459e+01,5.948867420977831166e+00
-5.986943766557194735e+00,-8.189130499214666514e+00
8.683468847693054826e+00,-1.502408525231507364e+00
1.133324611629717715e+01,1.163805052434454623e+01
1.564101445445319882e+01,-2.797532957291556155e+00
1.773766543468228818e+01,2.582879494559322975e+00
-1.682582272486776631e+01,4.069702629438987529e+00
-1.775910788184068423e+01,6.088877550689082874e+00
1.472874359593879845e+01,-2.571120339164106872e-01
3.940405544390353398e+00,6.087574571296574533e-01
8.142425365834409234e+00,1.206327012575041557e+01
-1.490024986044200261e+01,5.781790351547190454e+00
-6.052170434594759563e+00,-9.068681733098175712e+00
1.180918812044416732e+00,-2.030200956552854041e+00
-2.012400258416321641e+00,-3.094301471823293070e+00
-1.095636491657866074e+01,7.468392575722327287e+00
1.283542039436684101e+00,2.790356882277643003e+00
-8.306706107167872943e+00,-8.420432411568945952e+00
1.775278419674017272e+01,2.811289907118446063e+00
7.333816925391777097e+00,-4.285820106360736403e+00
1.483929116338333287e+01,-2.162124719324244104e+00
1.668433376929911560e+01,7.735368549822148054e-01
1.508253381202325727e+01,-8.248145271921618615e+00
1.752602077842321293e+01,4.046106062200180986e-01
8.030033697389887593e+00,1.109324330101641287e+01
1.541122673665354714e+00,2.441080670161975608e+00
8.159415518790236632e+00,1.635444220352083278e+01
-5.330476826779844135e-01,1.958849923737654875e+00
-1.349751435544899891e+01,5.909865050902170402e+00
6.419835037314404858e+00,1.339634811542347670e+01
1.627310025631526358e+01,-6.827580974527965196e+00
-1.476189209173346661e+01,3.974716836674929255e+00
2.509759138307637638e+00,1.484037738246800409e+00
8.229926224271796542e+00,1.184775381092604007e+01
2.317588579521497660e+00,2.063694315331094487e+00
1.677503214939326526e-01,2.162153788985353042e+00
8.218837765822746277e-01,-6.987457871467054105e+00
2.387027757961516450e+00,-2.092864998546013933e+00
1.498406045475898907e+01,-6.140737182411864836e+00
1.225191611806021097e+00,-3.150100897406828970e-01
-4.426871154602907588e+00,-1.046754472474296982e+01
1.266464415526401766e+01,-3.189187176802546819e+00
3.267990388303579685e+00,-3.570866597694484668e+00
-1.133148636138805543e+01,3.238741293057757709e+00
-1.803683431526571468e+01,4.000982326410234435e+00
-5.252155962188904681e-01,4.402285049016194662e+00
1.930810613523156860e+01,-3.063089180641239917e+00
1.694719337760523814e+01,-1.720448211170004793e+00
-1.614239655461762624e+01,3.021471848298314722e+00
-1.541230319849806740e+01,6.960400447721207584e+00
1.577790833270590021e+01,-4.663743408083192321e+00
1.473935297004381439e+01,1.575488898710505126e+00
4.306395984676042232e+00,2.888286346697730433e+00
7.698535205351564770e+00,1.357383296655190463e+01
4.795201866068355301e+00,3.888576848075707026e+00
-1.489810393212293249e+01,5.261965829143660400e+00
8.731035302213049576e+00,8.566047042982736670e+00
-3.997081401355747410e+00,-6.203157770287825556e+00
-2.952586834440878771e+00,-1.019631157230324092e+01
1.360235114467272233e+01,-6.182600875520845918e+00
1.552637297440579722e+01,-1.741045106802460385e+00
9.484081340436034679e+00,1.052611985982531095e+01
3.414816834802116396e+00,-3.619531632949839928e+00
3.554719879104400349e+00,2.037565712560861275e+00
5.410310413026820697e+00,6.071768591237920454e-01
7.145322222744773910e+00,-3.492066688484475989e+00
1.472116970501831013e+01,-1.058342473141054230e+00
3.428120622622883751e+00,2.279946295295222747e+00
1.376473397163679913e+01,-7.057842737032929747e+00
-1.631160876992863251e+01,5.547111812427355737e+00
3.757131267151080367e-01,-1.145500955340044591e+00
9.861497698792343058e+00,1.035958792729583422e+01
1.991583561715751793e+00,1.681531717742754006e+00
1.547946577015171954e+01,-5.632406260229442241e-01
2.046685249771284631e+00,3.207614210138289401e+00
1.386221068893216213e+01,2.905673701451867430e+00
1.499675090611697925e+01,-4.703151015698898263e+00
1.564739480196848476e+01,-1.139929944324153288e+00
-6.753237476229132952e+00,-9.271884836319344458e+00
1.903633962891951636e+00,5.732007965906849023e-02
4.979885421169680804e+00,-5.407044806672137938e+00
2.569860120033522488e-01,1.150978390746165259e+00
1.636239828536801166e+00,1.898942966723217607e+00
-8.284610109691767477e+00,-9.193673187913338651e+00
-5.457112660833772999e+00,-7.504271512284516277e+00
1.752703089678962911e+01,4.563902800655791125e+00
-3.048798860285272916e+00,-5.577571577768534183e+00
9.044938148642327036e+00,1.602334138008340148e+01
-6.907949671614854736e+00,-5.357493241037287746e+00
1.652911533837693980e+01,7.051343258413611537e-03
8.493162093082018416e+00,1.131752327341976105e+01
2.289590978140710220e+00,2.389538710052197867e+00
1.410324570606708683e+01,2.945392811487218321e+00
1.800565441316508952e+01,-4.229368608785374128e+00
8.322743684166018951e+00,-3.620467094658241791e+00
-4.460840082199806211e+00,-6.321109701310523299e+00
3.665424328858165381e+00,-3.044782670421022353e+00
7.208747626647622475e+00,1.472641795691761857e+01
1.266661599474016953e+01,3.249882615511249462e+00
-4.916623333221942893e+00,-1.114907982722956703e+01
1.149528527218703999e+01,-1.063116927767690845e+00
1.323090578512813487e+01,-3.076582405309306711e+00
6.068237621826921391e+00,-1.230500388726757599e+00
6.026175906125077475e+00,1.256744220490050346e+01
-6.334602691633619997e+00,-4.415951729032489226e+00
-4.539467375314014674e+00,-8.681666918775318820e+00
1.925230509134656387e+01,4.685012599910005626e+00
2.576581422085278739e+00,-2.978348998950318904e+00
-1.545561518123136580e+01,4.561485272609568931e+00
8.923320242559954707e+00,1.356778435972697849e+01
2.397365552277515022e+00,1.905439051918768278e+00
-1.707010266684268274e+01,3.877868162540279329e+00
2.389193803051246956e+00,3.161514619051610353e+00
1.835592464973928628e+01,4.145657344326612037e-01
2.586809997774876191e+00,-3.817789509376600332e+00
1.028786533278989346e+01,-1.554304616586828391e+00
1.400417224325556909e+01,-7.933316243499429987e+00
1.566508343995923447e+01,2.034751807289881587e+00
6.905285416014409705e+00,1.205999024964171085e+01
-7.256107747561053145e+00,-9.846582477868569327e+00
1.152384935675456035e+01,-2.123771645741005187e+00
-1.475460284681548906e+01,5.169721607667741026e+00
-2.682899674486667330e+00,-4.193720582505534367e+00
1.415859442065963369e+00,2.561473123169821342e+00
1.626696564843953752e+01,-9.833035294320406905e+00
8.287392466992537621e+00,9.176551119012412272e+00
2.443496941244933107e-01,3.770244031687087771e-01
-2.387043794879140535e+00,-4.538387263246211667e+00
-4.142293827686435392e+00,-1.152838012483228880e+01
9.436836397312225344e+00,1.106645588660277824e+01
4.412140051927212703e+00,1.141505941008790082e+01
-1.649498302860504850e+01,5.389828968190609082e+00
1.164565611839124415e+01,-4.068532584549971354e+00
7.020729739917941359e+00,1.171915895734931290e+01
1.460874464972850362e+01,1.892720783409420626e-01
3.085641278332187376e+00,3.804488281009651640e+00
3.207351113413769550e+00,-7.071564550155740037e-02
3.346630343559928722e+00,-2.025740762395253469e+00
1.178366666119752715e+01,-2.358445485163173316e+00
1.418560721849407535e+01,-5.429944522604042589e+00
8.216691138921408566e+00,1.276154931399569037e+01
1.458258691919752081e+01,-1.105833053192472271e+00
2.512264321629024355e+00,6.539720746854742472e-01
1.858774681278283936e+00,-7.605364432195158564e-01
-2.723422674480646677e-01,-6.175962124184676938e+00
-3.278300352409491580e+00,-3.720450824898651199e+00
1.073996473570421717e+00,-1.829997105442826566e-01
-1.434104215111449498e+01,5.632387681114621181e+00
5.547117490971569254e+00,-4.501167353615388222e+00
-5.722192881194155589e+00,-8.978291113410342916e+00
1.659762645291813854e+01,7.076065503845334614e-01
1.473035291403519587e+01,-5.354995335267205725e+00
-4.532306912573001334e+00,-1.013051967806862663e+01
1.585311507556839139e+01,-5.253914789511094918e-01
5.569031579361359618e+00,1.090946082040727916e+01
-4.273071145789836933e+00,-6.778115871616097188e+00
1.224721153818809860e+01,1.348335576789557244e+01
-1.060235416336697156e+00,1.751909392346349126e+00
1.155136411593048607e+01,1.222309549699493125e+01
1.214395574130569067e+01,-2.036727768296704433e+00
1.429733718353520011e+01,5.456731033182418145e-01
1.225716770857564697e+01,-4.498744323935111922e+00
8.992462261646161359e-02,1.441593802815817060e+00
1.662493316058237269e+01,1.411778267017153254e+00
1.091559556997465386e+01,3.550143270050512001e-01
1.324136307521169842e+00,1.863541966271543338e+00
1.049676679252874933e+01,1.138748323940698981e+01
9.776382684363419173e+00,1.311412123122376450e+01
3.484799861292669387e+00,-3.285905867173101402e+00
1.275761688895917345e+01,7.487893955332709517e-01
1.597155853812854964e+01,2.718523771608660322e+00
1.825176885824486206e+01,-2.378950539962338961e-01
-3.861558903940975895e+00,-8.547615647600137478e+00
1.090667079850525667e+01,1.232762302688590061e+01
-2.491413499780080976e+00,-2.718215414745269953e+00
1.562688097149199962e+01,-1.475370229511954179e+00
1.158933580661188323e+01,1.943334303139408803e+00
6.972781644140328083e+00,1.436411368875944206e+01
-1.315893669607807404e+01,5.439237801121608484e+00
1.338740709509375737e+00,2.767750364066933866e+00
1.016602699767922147e+01,1.301949555396246083e+01
7.883488246768670216e+00,1.237714742582154059e+01
6.795307753638066828e+00,-5.195221790099807002e+00
1.122591171689148126e+01,4.927266394833520913e+00
9.989168984060389889e+00,1.634930076445495217e+01
-6.181035552029752467e-02,-2.104532154852011283e-01
5.677840184596578688e-01,8.953483176145005107e-01
-3.435042305113245931e+00,-9.675636152382404376e+00
-4.494207127894847886e+00,-8.454701551008540150e+00
-3.303599163017604923e+00,-1.097034189919953562e+01
3.154164466842923176e+00,2.808155735453343738e+00
1.342448757908825030e+01,-1.229093088405995182e+00
1.640074595647608291e+01,-2.775977325661569850e+00
2.864383486232942921e+00,4.343691413673880675e+00
1.761574825344220940e-01,-2.040834966739582867e+00
1.736566752467392050e+01,-3.315987070523259472e+00
5.125535914444622421e+00,1.414273950327131146e+01
1.686132192102250826e+01,-5.014946979736484067e+00
3.268806980613517155e+00,-4.217252685710586313e+00
-5.345662435042324745e+00,-8.354707879581360075e+00
6.258968500304043836e+00,9.095721388803491791e+00
-6.149125789270431852e+00,-4.417475414160143110e+00
1.689476877429593316e+01,3.243353932170837339e+00
3.906240534797652320e+00,-3.867758136457478013e+00
-6.352204631052726036e+00,-7.641143732313064874e+00
1.786648325280975058e+00,-3.261116682085186902e+00
2.577774819207823143e-02,6.896516823050196088e+00
-1.359908575352183790e+00,1.710873308064120302e+00
6.162867414475101668e+00,1.322238384364160702e+01
1.482295386551926697e+01,6.194435045891670377e+00
-5.031817639561979583e+00,-1.138654100485506859e+01
-1.412080632422957471e+01,6.545775094526830706e+00
5.990960650036022628e+00,4.316508899925096898e+00
-1.575889560023607583e+00,2.453369486999016580e+00
1.682451433445858680e+00,-4.448789926010433327e+00
1.819062359556181363e+01,-7.028569590597795624e+00
1.772548373415719425e+01,8.379229713855151918e-01
-6.326033860555974719e+00,-6.938080432592794722e+00
2.087840785471780869e+00,1.545797008771347514e+00
-6.606675633846023743e+00,-1.151447903727759048e+01
1.022350104634660539e+01,1.221297733760439996e+01
8.457758190116377861e+00,1.294344505368736087e+01
6.431602094121450008e+00,-2.252526734927528640e+00
-1.725416183576226103e+01,5.266660165650580261e+00
-1.433999977258797642e+01,3.720487781494738577e+00
-1.025863021415856835e+00,-3.026919372656053930e+00
1.826157365272685240e+01,5.380011779328692789e+00
-7.219735911905664771e-01,4.205370201801553520e+00
6.611143897135479897e+00,1.088491958064394005e+01
1.424950004016385385e+01,4.292014025265689092e-01
4.172999358117900570e+00,3.848817654600935612e-01
5.761105033438031597e+00,8.408934857576234378e+00
1.423192428002904286e+01,-5.617247521775350805e+00
-1.613185823543782860e+01,7.208553853907394782e+00
8.362213510811514539e+00,9.415526430473363462e+00
-4.613536027755582580e-01,-3.795744589607781272e-01
1.024562192247097592e+01,9.044633770381640403e+00
1.603565490337342681e+01,1.747421726879404780e+00
-1.408206996324868143e+01,7.521213433315436347e+00
-5.012672134888627617e+00,-8.506945221848388528e+00
1.663264613044494666e+01,-4.721419804972500245e+00
4.142274875474165619e-01,-3.820430606836882070e-01
8.075315001035063389e+00,1.314979211684545568e+01
3.845059189620027240e+00,1.201181992375597973e+00
5.762983187929805240e+00,-4.626147414474940156e+00
1.608029310113492727e+01,1.302719650049323441e+00
-6.152918750749461374e+00,-9.757881265732361697e+00
1.482162863688768795e+01,-4.617153088079337664e+00
6.578131182589894266e+00,1.256408373636646125e+01
5.009849556493117806e-01,-1.766913442340422247e+00
1.277558176891971797e+01,-6.511090967387687112e-01
1.364460019550412007e+01,-9.123743465330786506e+00
-7.660615135171630286e+00,-8.375187217903350856e+00
5.968265483975462082e+00,1.326092231285982770e+01
1.037774271086337308e+01,-4.036153953850027953e+00
1.548934410059914413e+01,7.882454553255987761e+00
1.679697023047535254e+01,-5.272152858117082452e+00
-2.949164631655531110e+00,-4.967385726678240410e+00
9.869576086389836078e+00,1.771253638285930876e+01
7.212557425976703129e+00,-4.339282428270225367e+00
1.599766678335776859e+01,7.416319441088560893e+00
2.602217257715468968e-01,-4.054005088422226066e+00
7.617028497121437702e+00,1.127783690949897633e+01
5.931310322283432690e+00,1.025440038339199944e+01
2.997448279701166562e+00,3.794078749187167254e+00
-5.685618137400970440e+00,-8.253851519408264892e+00
-4.653082103494659449e+00,-9.467453393705401510e+00
1.645036535440651093e+01,-1.110677324596296200e+00
1.185846178316026567e+00,-3.881720139514766910e+00
-1.463829394312422316e+01,3.854476640272797461e+00
-1.393258412872897267e+01,3.679056842264678995e+00
9.262343453989355879e+00,-2.300832281390906786e+00
-4.333111440270172920e+00,-1.057130697568933542e+01
7.641557907687559492e+00,1.209034359537515435e+01
2.646837907743194496e+00,3.329480249817402537e+00
4.185248064890574327e+00,4.709628224874177427e+00
6.449934719251437798e-02,2.335667314893029811e+00
-2.199926867375641582e+00,8.693761055308625307e-01
-3.271734395603491663e+00,-9.597687625990396043e+00
8.741190072156554081e+00,1.253275035293824580e+01
1.287953052547728960e+00,7.664212564391353899e-01
1.589689927264231528e+01,-2.787899244302320945e+00
-1.560898808765210255e+01,5.775998200808884597e+00
-1.556103653106589668e+01,4.457752623401616709e+00
1.703662519997309488e+01,-1.886528282357105013e+00
4.937265982132447384e+00,-5.146473676560239241e-01
-1.370863875718274016e+01,5.981440750043364396e+00
1.387129944628525990e+01,6.969177229412459873e-01
-1.340218956797230376e+01,4.400746439550064615e+00
1.698070146084899434e+01,3.028363643216237300e+00
1.437068550751084217e+01,-4.380081806921112264e-01
1.863612691002529020e+00,2.368410481476058038e+00
3.069914513185125315e+00,4.213098647329858615e+00
-1.532281560394616626e+01,6.912182968936182448e+00
-4.097919429689156345e+00,-8.419679593701086873e+00
-5.200674067048583815e+00,-8.048938632341927857e+00
2.066737271505564877e+01,-4.951982477566162721e+00
-1.261359236530119432e+01,1.854068924614210800e+00
3.090968046030308169e+00,-6.416280108045060437e-01
1.918146301005252496e+01,5.970497188834398283e-01
2.049792806645256427e+00,3.091336944538525699e+00
5.264002730077153913e+00,-4.533013975942854046e+00
-5.911672053101628244e+00,-9.601314747492805779e+00
1.723915261496179951e+01,-4.850535167739515874e-01
2.826941082697668861e+00,5.921752820131654715e+00
7.616191746873898438e+00,1.095596455457904206e+01
1.186780624206866364e+00,-1.638610977840811556e+00
-1.482312395135270222e+01,3.769588656897970846e+00
4.784998754244385921e+00,3.883243921001986010e+00
5.854517309187196261e+00,1.194587325830506508e+01
-2.938438659600466352e+00,-1.062548260133017664e+01
1.273619550775719489e+01,-7.312634212820159796e+00
1.800063037251740994e+01,4.293523404598672322e+00
-8.534742538577535953e+00,-8.404301450774591231e+00
-4.473332894012270522e+00,-8.327216148452073696e+00
-1.403133505102832324e+01,7.131336487062860385e+00
-3.755024724843182504e+00,-1.248834671529363582e+01
4.187836005202099976e+00,-4.404471093457243747e+00
-4.451300013613559869e+00,-1.162379469989843628e+01
1.574731445005030750e+01,-1.240950542993345396e+00
8.110227795241451432e+00,1.152396369883969385e+01
7.979334635019533550e+00,-5.347617664805282445e+00
7.596809204486657308e+00,1.048092520581130493e+01
-1.770735897344944476e+01,6.596095912193566946e+00
1.355735194313908565e+01,5.784096206677796559e+00
5.579005455768896171e-01,1.768122346864216876e+00
1.382399211621434354e+01,-2.866075607980490769e+00
5.555166050156349122e+00,1.366128010901055490e+01
-1.267391625435891811e+01,6.180188792694290001e+00
7.513499974418907712e+00,-6.068386946787134306e+00
1.314525509722798802e+01,-3.343393468320389417e+00
7.290461873316811392e+00,-1.918169752106859915e+00
-5.187758638860847427e+00,-9.716772630533501598e+00
1.455248315149086658e+01,-3.915692695328161221e+00
9.185146893179625849e+00,1.176930750529660763e+01
-1.899348411267554226e+01,3.702537225216185668e+00
1.780154631595795323e+01,-5.657849975839044809e+00
1.552885635427476529e+01,-1.629214765524024777e+00
1.536800123452513311e+01,2.083923398575736385e+00
1.405705907077564376e+01,-2.439939080194428733e+00
-1.560368733668532570e+00,-3.426913663679608035e+00
1.311366764460112400e+01,1.293259295291279365e+00
2.468084540028547380e+00,7.330864470769625774e-01
-1.667956358477748680e+01,1.457908663029289009e+00
-6.355475596603006316e+00,-8.200820678230611449e+00
-1.574837558620133926e+01,2.892745464304002034e+00
-5.736750857812734417e+00,-1.104942338209318997e+01
-1.570430627839707327e-01,-4.416783750024356081e+00
-4.035140079838280158e+00,-8.076445642380717160e+00
1.316830693181561873e+00,-1.508785293470835676e-01
5.156198651290491597e+00,1.252583338055322848e+01
9.635789743770963867e+00,9.389733542484222539e+00
7.033504912481638449e+00,1.227552605031342203e+01
9.516912478551429189e+00,1.418236912598507438e+01
-1.179457235268408954e+00,8.894455119612312277e-01
3.024377319610607628e+00,-4.343207961702511000e+00
2.547807130496763772e+00,4.449910613042410645e+00
1.112588743061194130e+01,1.323112484678192224e+01
-2.114395976224239693e+00,-9.876823427388552179e-02
1.490025607914423311e+01,-2.166183237093483704e+00
-1.328719901096028799e+01,4.823695953073785958e+00
8.138823905132348102e+00,1.086078008121176808e+01
1.447341729772180230e+01,9.007821488219902584e-02
-6.256872395075041560e+00,-8.468728086342350636e+00
8.173262999743787560e+00,1.298377541358812159e+01
1.342920852724343028e+00,-3.394246041789927837e+00
5.818649186486806180e+00,1.107513428773877884e+01
1.229178178893235795e+01,-1.235312372269367964e+00
-6.395355162044352504e+00,-8.032193811088605528e+00
1.514428325651415363e+01,9.696056948610667359e-01
1.480029033590251686e+01,-5.683594640222174199e+00
-1.482212314857205726e+00,2.174389953439536782e+00
1.318889006937318698e+01,1.518331547868081000e+00
-7.488313773751639424e+00,-1.074529337491300751e+01
6.658739186964381496e+00,2.958531296198266602e+00
-5.784638707821097903e+00,-1.093188169240310081e+01
1.439665917535735140e+01,-4.075548022879542209e+00
1.551064954247458161e+01,-2.564808255476837218e+00
1.627765703667922637e+01,-6.347010377404160408e+00
-4.123703808121303105e+00,-7.999559778627032713e+00
5.020467095610909425e+00,-2.784769128795539395e+00
-5.859396845390091535e+00,-1.021927462171576906e+01
2.072858292344251563e+00,1.521092622721641370e-02
-3.953681898671488781e+00,-8.310233119673785751e+00
-1.297745265287999494e+01,6.311654011238552187e+00
7.844434091700422051e+00,1.079629570759609791e+01
4.544079213606750933e-01,1.530538753696207177e+00
6.271332733112285673e+00,-4.313827575395648317e+00
1.228204652911397865e+01,1.395955079905402574e+00
-7.609767193804533036e-01,-2.657496485066873859e+00
1.188063776335506105e+01,6.324098296634153016e-01
-9.587028111671478392e-01,-3.897090324068971157e+00
1.125250193558025913e+01,3.307519564624832320e-01
1.250423242412820768e+00,4.189594842833493926e-01
1.549941467575754039e+01,-3.897382871067814669e+00
9.058944966125244136e+00,1.171519473805463640e+01
1.303900015477754692e-03,6.623927551001385972e+00
6.929736431987768341e+00,-2.248834418230260201e+00
3.516855957425586876e+00,-3.323102919563492907e+00
5.636978712709705519e+00,-4.650187832284114364e+00
-1.493547884060957820e+01,4.211929706746186497e+00
9.617028023929156788e+00,2.383885143769818526e+00
1.578395714318907928e+01,1.107997872698822661e-01
1.388508206921172317e+01,-3.143980535580966684e+00
6.388232714397044987e+00,1.040169513657065004e+01
-3.117069693333223590e+00,-4.534869034577732272e+00
4.389547140074633091e+00,-4.174976798510323661e-01
1.203167113776736130e+01,-4.063895401402980667e+00
-3.956295662741821761e+00,-6.340463829714023447e+00
1.650530047675982814e+01,2.842448860034533453e+00
-3.461975015249650678e+00,-5.808512545440194685e+00
1.386914893012143146e+01,-4.589627063411393593e+00
-5.148615368762167854e+00,-1.203743434970209947e+01
1.984632141860672405e+01,2.376447540891688526e-01
-4.686367059836121562e+00,-7.709765482331157216e+00
1.105280620301330119e+00,-1.019792925430075686e-01
7.928333196843229125e+00,1.297827588569280088e+01
1.572650354322029376e+00,1.362413187343638477e+00
1.240040895731751469e+00,1.963229649155045387e+00
1.695303574759190113e+01,-3.404487100803329502e-01
-1.201690181754868497e-01,3.757647546909030023e+00
4.283489515656455637e+00,3.796326625164851976e-01
1.711117524745846907e+01,4.733835718747985588e+00
-3.929358258920204072e+00,-9.440948982463510220e+00
1.714613128796555808e+00,2.446749563719375686e+00
-1.491034723988182265e+01,4.948322930118896679e+00
-8.810098230193315061e-01,1.581526248700764636e+00
1.446677407244901836e+01,-2.867356723570543053e+00
9.544597576604869626e-01,1.412656351655919629e+00
-1.894343079320535139e+01,5.092334642877808903e+00
1.102432418660905711e+01,1.272879650089203274e+01
6.736697450912277674e+00,6.565398625272323763e+00
-1.795301812965701416e+01,2.796330711343229414e+00
1.441980949750226060e+01,-3.784291017655562417e+00
1.680749120045902600e+01,-8.302848791646105786e-01
-2.836079927940764023e+00,1.252211857168711973e+00
-1.575901033372351101e+01,4.530155777506982950e+00
-8.921343903985735624e-01,2.009874274325798904e+00
1.524897834834135146e+01,-5.814231690849671175e+00
-2.729714987928769432e+00,-3.144763132085984125e+00
1.427255879605609401e+01,1.658922371432410614e+00
1.413311500288265776e+01,-6.032676482252170125e+00
6.798631984168158837e+00,1.504621911783783794e+00
9.012218657969508495e-01,-1.272896950111269465e+00
9.680220381313455746e+00,1.203962555224213915e+01
-6.095551612051600898e+00,-9.615784453013485944e+00
4.860329331411609721e-01,-1.700163913375046576e+00
5.097581454642401422e-01,6.900312268792189840e+00
